id_product;product_name;attribute_name;attribute_value;Reference;wholesale_price;price;quantity;default_on;
"2001";"FarmFresh Tomato - Class A Gavran";"Quantity";"5 kg";"AA20011988";"100.000000";"150.000000";"50";"0";
"2001";"FarmFresh Tomato - Class A Gavran";"Quantity";"1 kg";"AA20012088";"20.000000";"30.000000";"23";"1";
"2001";"FarmFresh Tomato - Class A Gavran";"Quantity";"0.5 kg";"AA20012190";"9.000000";"15.000000";"48";"0";
"2002";"FarmFresh Potato  Class SugarFree";"Quantity";"5 kg";"AA20021989";"108.000000";"120.000000";"50";"0";
"2002";"FarmFresh Potato  Class SugarFree";"Quantity";"1 kg";"AA20022089";"21.600000";"24.000000";"43";"1";
"2002";"FarmFresh Potato  Class SugarFree";"Quantity";"0.5 kg";"AA20022191";"10.800000";"12.000000";"50";"0";
"2003";"FarmFresh Cauliflower  Phool Gobi";"Quantity";"3 kg";"AA20031990";"160.000000";"204.000000";"50";"0";
"2003";"FarmFresh Cauliflower  Phool Gobi";"Quantity";"1 kg";"AA20032090";"50.000000";"68.000000";"43";"0";
"2003";"FarmFresh Cauliflower  Phool Gobi";"Quantity";"0.5 kg";"AA20032192";"26.000000";"34.000000";"47";"0";
"2004";"FarmFresh Lady Finger - Class Kali";"Quantity";"2 kg";"AA20041991";"102.000000";"120.000000";"50";"0";
"2004";"FarmFresh Lady Finger - Class Kali";"Quantity";"0.5 kg";"AA20042091";"24.000000";"30.000000";"47";"1";
"2004";"FarmFresh Lady Finger - Class Kali";"Quantity";"0.25 kg";"AA20042193";"10.800000";"15.000000";"50";"0";
"2005";"FarmFresh Bottle Gourd - Kaddu, Lauki";"Quantity";"3 kg";"AA20051992";"112.000000";"120.000000";"50";"0";
"2005";"FarmFresh Bottle Gourd - Kaddu, Lauki";"Quantity";"1 kg";"AA20052092";"35.000000";"40.000000";"48";"0";
"2005";"FarmFresh Bottle Gourd - Kaddu, Lauki";"Quantity";"0.5 kg";"AA20052194";"18.000000";"20.000000";"46";"0";
"2006";"FarmFresh Brinjal - Round";"Quantity";"2 kg";"AA20061993";"86.400000";"104.000000";"50";"0";
"2006";"FarmFresh Brinjal - Round";"Quantity";"0.5 kg";"AA20062093";"21.600000";"26.000000";"46";"1";
"2006";"FarmFresh Brinjal - Round";"Quantity";"0.25 kg";"AA20062195";"10.800000";"13.000000";"50";"0";
"2007";"FarmFresh Onion - Class A";"Quantity";"5 kg";"AA20071996";"126.000000";"175.000000";"47";"0";
"2007";"FarmFresh Onion - Class A";"Quantity";"1 kg";"AA20072096";"25.200000";"35.000000";"25";"1";
"2007";"FarmFresh Onion - Class A";"Quantity";"0.5 kg";"AA20072198";"12.600000";"17.500000";"47";"0";
"2008";"FarmFresh Cabbage - Band Gobi";"Quantity";"3 kg";"AA20081994";"120.000000";"120.000000";"50";"0";
"2008";"FarmFresh Cabbage - Band Gobi";"Quantity";"1 kg";"AA20082094";"36.000000";"40.000000";"48";"0";
"2008";"FarmFresh Cabbage - Band Gobi";"Quantity";"0.5 kg";"AA20082196";"17.000000";"20.000000";"45";"1";
"2009";"FarmFresh Capsicum - Shimla Mirch";"Quantity";"2 kg";"AA20091995";"90.000000";"120.000000";"50";"0";
"2009";"FarmFresh Capsicum - Shimla Mirch";"Quantity";"0.5 kg";"AA20092095";"22.500000";"30.000000";"46";"1";
"2009";"FarmFresh Capsicum - Shimla Mirch";"Quantity";"0.25 kg";"AA20092197";"11.250000";"15.000000";"45";"0";
"2010";"FarmFresh Brinjal Long - Bharit Vange";"Quantity";"5 kg";"AA20102004";"245.000000";"300.000000";"50";"0";
"2010";"FarmFresh Brinjal Long - Bharit Vange";"Quantity";"0.5 kg";"AA20102104";"22.000000";"30.000000";"39";"0";
"2010";"FarmFresh Brinjal Long - Bharit Vange";"Quantity";"0.25 kg";"AA20102206";"11.250000";"15.000000";"50";"1";
"2011";"FarmFresh Carrot - Class Mahabaleshwar";"Quantity";"3 kg";"AA20111997";"110.000000";"156.000000";"50";"0";
"2011";"FarmFresh Carrot - Class Mahabaleshwar";"Quantity";"0.5 kg";"AA20112097";"18.000000";"26.000000";"50";"1";
"2011";"FarmFresh Carrot - Class Mahabaleshwar";"Quantity";"0.25 kg";"AA20112199";"8.000000";"13.000000";"50";"0";
"2012";"FarmFresh Cucumber - Kakadi";"Quantity";"5 kg";"AA20121998";"180.000000";"200.000000";"50";"0";
"2012";"FarmFresh Cucumber - Kakadi";"Quantity";"0.5 kg";"AA20122098";"18.000000";"20.000000";"46";"1";
"2012";"FarmFresh Cucumber - Kakadi";"Quantity";"0.25 kg";"AA20122200";"9.000000";"10.000000";"50";"0";
"2013";"FarmFresh Tondli - Ivy Gourd";"Quantity";"5 kg";"AA20131999";"0.000000";"300.000000";"50";"0";
"2013";"FarmFresh Tondli - Ivy Gourd";"Quantity";"0.5 kg";"AA20132099";"0.000000";"30.000000";"46";"0";
"2013";"FarmFresh Tondli - Ivy Gourd";"Quantity";"0.25 kg";"AA20132201";"0.000000";"15.000000";"50";"0";
"2014";"FarmFresh Green Chilly - Mirch";"Quantity";"1 kg";"AA20142000";"72.000000";"80.000000";"50";"0";
"2014";"FarmFresh Green Chilly - Mirch";"Quantity";"200 gm";"AA20142100";"14.400000";"16.000000";"49";"0";
"2014";"FarmFresh Green Chilly - Mirch";"Quantity";"100 gm";"AA20142202";"7.200000";"8.000000";"40";"1";
"2015";"FarmFresh Ginger - Aadi";"Quantity";"1 kg";"AA20152001";"81.000000";"100.000000";"50";"0";
"2015";"FarmFresh Ginger - Aadi";"Quantity";"200 gm";"AA20152101";"16.200000";"20.000000";"50";"0";
"2015";"FarmFresh Ginger - Aadi";"Quantity";"100 gm";"AA20152203";"8.100000";"10.000000";"42";"1";
"2016";"FarmFresh Garlic - Lehsun";"Quantity";"1 kg";"AA20162002";"90.000000";"120.000000";"50";"0";
"2016";"FarmFresh Garlic - Lehsun";"Quantity";"200 gm";"AA20162102";"18.000000";"24.000000";"48";"0";
"2016";"FarmFresh Garlic - Lehsun";"Quantity";"100 gm";"AA20162204";"9.000000";"12.000000";"43";"1";
"2017";"FarmFresh Pitaya  Dragon Fruit";"Quantity";"3 kg";"AA20172003";"810.000000";"900.000000";"50";"0";
"2017";"FarmFresh Pitaya  Dragon Fruit";"Quantity";"1 kg";"AA20172103";"270.000000";"300.000000";"50";"0";
"2017";"FarmFresh Pitaya  Dragon Fruit";"Quantity";"0.5 kg";"AA20172205";"135.000000";"150.000000";"50";"1";
"2018";"FarmFresh Gavaar - ClusterBeans";"Quantity";"5 kg";"AA20182005";"295.000000";"450.000000";"50";"0";
"2018";"FarmFresh Gavaar - ClusterBeans";"Quantity";"1 kg";"AA20182105";"29.000000";"90.000000";"50";"0";
"2018";"FarmFresh Gavaar - ClusterBeans";"Quantity";"0.20 kg";"AA20182207";"13.000000";"18.000000";"48";"1";
"2019";"FarmFresh French Beans";"Quantity";"3 kg";"AA20192006";"324.000000";"360.000000";"0";"0";
"2019";"FarmFresh French Beans";"Quantity";"500 gm";"AA20192106";"54.000000";"60.000000";"0";"0";
"2019";"FarmFresh French Beans";"Quantity";"250 gm";"AA20192208";"27.000000";"30.000000";"0";"1";
"2020";"FarmFresh  Drum Stick - Shevaga";"Quantity";"1 kg";"AA20202007";"60.000000";"120.000000";"50";"0";
"2020";"FarmFresh  Drum Stick - Shevaga";"Quantity";"500 gm";"AA20202107";"30.000000";"60.000000";"50";"0";
"2020";"FarmFresh  Drum Stick - Shevaga";"Quantity";"250 gm";"AA20202209";"16.000000";"30.000000";"50";"1";
"2021";"FarmFresh Bitter - Gourd  Karela";"Quantity";"3 kg";"AA20212008";"205.200000";"240.000000";"50";"0";
"2021";"FarmFresh Bitter - Gourd  Karela";"Quantity";"0.5 kg";"AA20212108";"34.200000";"40.000000";"47";"0";
"2021";"FarmFresh Bitter - Gourd  Karela";"Quantity";"0.25 kg";"AA20212210";"17.100000";"20.000000";"48";"1";
"2022";"FarmFresh RidgeGourd  Dodaka";"Quantity";"3 kg";"AA20222009";"194.400000";"216.000000";"50";"0";
"2022";"FarmFresh RidgeGourd  Dodaka";"Quantity";"0.5 kg";"AA20222109";"32.400000";"36.000000";"50";"0";
"2022";"FarmFresh RidgeGourd  Dodaka";"Quantity";"0.25 kg";"AA20222211";"16.200000";"18.000000";"50";"1";
"2023";"FarmFresh Green Peas - Class A";"Quantity";"3 kg";"AA20232010";"280.800000";"456.000000";"50";"0";
"2023";"FarmFresh Green Peas - Class A";"Quantity";"0.5 kg";"AA20232110";"46.800000";"76.000000";"47";"0";
"2023";"FarmFresh Green Peas - Class A";"Quantity";"0.25 kg";"AA20232212";"23.400000";"38.000000";"47";"1";
"2024";"FarmFresh Chana - Sprouts";"Quantity";"3 kg";"AA20242011";"216.000000";"240.000000";"50";"0";
"2024";"FarmFresh Chana - Sprouts";"Quantity";"0.5 kg";"AA20242111";"36.000000";"40.000000";"50";"0";
"2024";"FarmFresh Chana - Sprouts";"Quantity";"0.25 kg";"AA20242213";"18.000000";"20.000000";"50";"1";
"2025";"FarmFresh Peas - Sprouts";"Quantity";"3 kg";"AA20252012";"216.000000";"240.000000";"50";"0";
"2025";"FarmFresh Peas - Sprouts";"Quantity";"0.5 kg";"AA20252112";"36.000000";"40.000000";"50";"0";
"2025";"FarmFresh Peas - Sprouts";"Quantity";"0.25 kg";"AA20252214";"18.000000";"20.000000";"49";"1";
"2026";"FarmFresh Parwal - Pointed Gourd";"Quantity";"5 kg";"AA20262013";"324.000000";"380.000000";"0";"0";
"2026";"FarmFresh Parwal - Pointed Gourd";"Quantity";"1 kg";"AA20262113";"64.800000";"76.000000";"0";"0";
"2026";"FarmFresh Parwal - Pointed Gourd";"Quantity";"0.5 kg";"AA20262215";"32.400000";"38.000000";"0";"1";
"2027";"FarmFresh Ratalu - Sweet Potato";"Quantity";"5 kg";"AA20272014";"261.000000";"320.000000";"50";"0";
"2027";"FarmFresh Ratalu - Sweet Potato";"Quantity";"1 kg";"AA20272114";"52.200000";"64.000000";"47";"0";
"2027";"FarmFresh Ratalu - Sweet Potato";"Quantity";"0.5 kg";"AA20272216";"26.100000";"32.000000";"50";"1";
"2028";"FarmFresh Mung - Sprouts";"Quantity";"3 kg";"AA20282015";"216.000000";"240.000000";"50";"0";
"2028";"FarmFresh Mung - Sprouts";"Quantity";"0.5 kg";"AA20282115";"36.000000";"40.000000";"50";"0";
"2028";"FarmFresh Mung - Sprouts";"Quantity";"0.25 kg";"AA20282217";"18.000000";"20.000000";"49";"1";
"2029";"FarmFresh Matki - Sprouts";"Quantity";"3 kg";"AA20292016";"216.000000";"240.000000";"50";"0";
"2029";"FarmFresh Matki - Sprouts";"Quantity";"0.5 kg";"AA20292116";"36.000000";"40.000000";"50";"0";
"2029";"FarmFresh Matki - Sprouts";"Quantity";"0.25 kg";"AA20292218";"18.000000";"20.000000";"48";"1";
"2030";"FarmFresh Suran";"Quantity";"5 kg";"AA20302017";"306.000000";"340.000000";"0";"0";
"2030";"FarmFresh Suran";"Quantity";"1 kg";"AA20302117";"61.200000";"68.000000";"0";"0";
"2030";"FarmFresh Suran";"Quantity";"0.5 kg";"AA20302219";"30.600000";"34.000000";"0";"1";
"2031";"FarmFresh Arbi";"Quantity";"5 kg";"AA20312018";"324.000000";"350.000000";"50";"0";
"2031";"FarmFresh Arbi";"Quantity";"1 kg";"AA20312118";"64.800000";"70.000000";"49";"0";
"2031";"FarmFresh Arbi";"Quantity";"0.5 kg";"AA20312220";"32.400000";"35.000000";"50";"1";
"2032";"FarmFresh Raw Banana";"Numbers";"5 pc";"AA20322019";"22.500000";"30.000000";"0";"1";
"2032";"FarmFresh Raw Banana";"Numbers";"2 pc";"AA20322119";"9.000000";"12.000000";"0";"0";
"2032";"FarmFresh Raw Banana";"Numbers";"1 pc";"AA20322221";"4.500000";"6.000000";"0";"0";
"2033";"FarmFresh Lemon";"Numbers";"5 pc";"AA20332020";"22.500000";"22.500000";"49";"0";
"2033";"FarmFresh Lemon";"Numbers";"2 pc";"AA20332120";"9.000000";"9.000000";"48";"0";
"2033";"FarmFresh Lemon";"Numbers";"1 pc";"AA20332222";"4.500000";"4.500000";"40";"1";
"2034";"FarmFresh - Beet Root";"Numbers";"5 pc";"AA20342021";"27.000000";"27.500000";"50";"0";
"2034";"FarmFresh - Beet Root";"Numbers";"2 pc";"AA20342121";"10.800000";"11.000000";"50";"0";
"2034";"FarmFresh - Beet Root";"Numbers";"1 pc";"AA20342223";"5.400000";"5.500000";"50";"1";
"2035";"FarmFresh Apple - Washington";"Quantity";"5 kg";"AA20352022";"945.000000";"950.000000";"50";"0";
"2035";"FarmFresh Apple - Washington";"Quantity";"1 kg";"AA20352122";"185.000000";"190.000000";"48";"0";
"2035";"FarmFresh Apple - Washington";"Quantity";"500 gm";"AA20352224";"90.000000";"95.000000";"47";"1";
"2036";"FarmFresh Banana";"Numbers";"24 pc";"AA20362023";"0.000000";"84.000000";"50";"0";
"2036";"FarmFresh Banana";"Numbers";"12 pc";"AA20362123";"0.000000";"42.000000";"49";"0";
"2036";"FarmFresh Banana";"Numbers";"6 pc";"AA20362225";"0.000000";"21.000000";"46";"1";
"2037";"FarmFresh  Orange - Imported";"Quantity";"5 kg";"AA20372024";"550.000000";"650.000000";"50";"0";
"2037";"FarmFresh  Orange - Imported";"Quantity";"1 kg";"AA20372124";"115.000000";"130.000000";"50";"0";
"2037";"FarmFresh  Orange - Imported";"Quantity";"0.5 kg";"AA20372226";"55.000000";"65.000000";"49";"1";
"2038";"FarmFresh Black Grapes";"Quantity";"3 kg";"AA20382025";"540.000000";"600.000000";"0";"0";
"2038";"FarmFresh Black Grapes";"Quantity";"0.5 kg";"AA20382125";"90.000000";"100.000000";"0";"0";
"2038";"FarmFresh Black Grapes";"Quantity";"0.25 kg";"AA20382227";"45.000000";"50.000000";"0";"0";
"2039";"FarmFresh Green Grapes";"Quantity";"5 kg";"AA20392026";"540.000000";"800.000000";"0";"0";
"2039";"FarmFresh Green Grapes";"Quantity";"1 kg";"AA20392126";"108.000000";"160.000000";"0";"0";
"2039";"FarmFresh Green Grapes";"Quantity";"0.5 kg";"AA20392228";"54.000000";"80.000000";"0";"1";
"2040";"FarmFresh  Maze - Sweet Corn";"Numbers";"5 pc";"AA20402027";"88.000000";"120.000000";"50";"0";
"2040";"FarmFresh  Maze - Sweet Corn";"Numbers";"2 pc";"AA20402127";"34.000000";"48.000000";"50";"0";
"2040";"FarmFresh  Maze - Sweet Corn";"Numbers";"1 pc";"AA20402229";"16.000000";"24.000000";"50";"1";
"2041";"FarmFresh  Mausambi - Sweet Lime";"Quantity";"5 kg";"AA20412028";"375.000000";"390.000000";"50";"0";
"2041";"FarmFresh  Mausambi - Sweet Lime";"Quantity";"1 kg";"AA20412128";"72.000000";"78.000000";"50";"0";
"2041";"FarmFresh  Mausambi - Sweet Lime";"Quantity";"0.5 kg";"AA20412230";"35.000000";"39.000000";"49";"1";
"2042";"FarmFresh Coconut - Nariyal";"Numbers";"5 pc";"AA20422029";"0.000000";"135.000000";"50";"0";
"2042";"FarmFresh Coconut - Nariyal";"Numbers";"2 pc";"AA20422129";"0.000000";"52.000000";"50";"0";
"2042";"FarmFresh Coconut - Nariyal";"Numbers";"1 pc";"AA20422231";"22.000000";"27.000000";"50";"1";
"2043";"FarmFresh Watermelon - Tarbuj";"Numbers";"5 pc";"AA20432030";"207.000000";"290.000000";"50";"0";
"2043";"FarmFresh Watermelon - Tarbuj";"Numbers";"2 pc";"AA20432130";"82.800000";"116.000000";"50";"0";
"2043";"FarmFresh Watermelon - Tarbuj";"Numbers";"1 pc";"AA20432232";"41.400000";"58.000000";"49";"1";
"2044";"FarmFresh Pineapple";"Numbers";"5 pc";"AA20442031";"320.000000";"325.000000";"50";"0";
"2044";"FarmFresh Pineapple";"Numbers";"2 pc";"AA20442131";"125.000000";"130.000000";"50";"0";
"2044";"FarmFresh Pineapple";"Numbers";"1 pc";"AA20442233";"0.000000";"65.000000";"50";"1";
"2045";"FarmFresh Papaya - Papita";"Numbers";"5 pc";"AA20452032";"171.000000";"145.000000";"50";"0";
"2045";"FarmFresh Papaya - Papita";"Numbers";"2 pc";"AA20452132";"68.400000";"58.000000";"50";"0";
"2045";"FarmFresh Papaya - Papita";"Numbers";"1 pc";"AA20452234";"34.200000";"29.000000";"48";"1";
"2046";"FarmFresh Guava";"Quantity";"5 kg";"AA20462033";"400.000000";"460.000000";"50";"0";
"2046";"FarmFresh Guava";"Quantity";"1 kg";"AA20462133";"0.000000";"92.000000";"49";"0";
"2046";"FarmFresh Guava";"Quantity";"0.5 kg";"AA20462235";"28.800000";"46.000000";"49";"1";
"2047";"FarmFresh  Strawberry";"Quantity";"2 kg";"AA20472034";"0.000000";"380.000000";"0";"0";
"2047";"FarmFresh  Strawberry";"Quantity";"400 gm";"AA20472134";"0.000000";"76.000000";"0";"0";
"2047";"FarmFresh  Strawberry";"Quantity";"200 gm";"AA20472236";"0.000000";"38.000000";"0";"1";
"2048";"FarmFresh  Pomegranate - Anar";"Quantity";"3 kg";"AA20482035";"560.000000";"570.000000";"50";"0";
"2048";"FarmFresh  Pomegranate - Anar";"Quantity";"1 kg";"AA20482135";"185.000000";"190.000000";"50";"0";
"2048";"FarmFresh  Pomegranate - Anar";"Quantity";"0.5 kg";"AA20482237";"90.000000";"95.000000";"50";"1";
"2049";"FarmFresh Mango Alphonso Size A";"Numbers";"24 pc";"AA20492036";"660.000000";"796.000000";"50";"0";
"2049";"FarmFresh Mango Alphonso Size A";"Numbers";"12 pc";"AA20492136";"330.000000";"398.000000";"50";"0";
"2049";"FarmFresh Mango Alphonso Size A";"Numbers";"6 pc";"AA20492238";"160.000000";"199.000000";"50";"1";
"2050";"FarmFresh Mango Alphonso - Size AA";"Numbers";"18 pc";"AA20502037";"726.300000";"747.000000";"50";"0";
"2050";"FarmFresh Mango Alphonso - Size AA";"Numbers";"12 pc";"AA20502137";"484.200000";"498.000000";"50";"0";
"2050";"FarmFresh Mango Alphonso - Size AA";"Numbers";"6 pc";"AA20502239";"242.100000";"249.000000";"50";"1";
"2051";"FarmFresh Mango Alphonso Size AAA";"Numbers";"12 pc";"AA20512138";"585.000000";"598.000000";"49";"0";
"2051";"FarmFresh Mango Alphonso Size AAA";"Numbers";"6 pc";"AA20512240";"292.500000";"299.000000";"49";"1";
"2052";"FarmFresh Mango Badami";"Quantity";"2 kg";"AA20522038";"177.000000";"196.000000";"50";"0";
"2052";"FarmFresh Mango Badami";"Quantity";"1 kg";"AA20522139";"88.200000";"98.000000";"50";"0";
"2052";"FarmFresh Mango Badami";"Quantity";"0.50 kg";"AA20522241";"0.000000";"49.000000";"50";"1";
"2052";"FarmFresh Mango Badami";"Numbers";"2 pc";"AA20522683";"35.000000";"45.000000";"50";"0";
"2053";"FarmFresh Payari Mango";"Quantity";"2 kg";"AA20532039";"330.000000";"356.000000";"50";"0";
"2053";"FarmFresh Payari Mango";"Quantity";"1 kg";"AA20532140";"165.000000";"178.000000";"50";"0";
"2053";"FarmFresh Payari Mango";"Quantity";"0.5 kg";"AA20532242";"80.000000";"89.000000";"50";"1";
"2054";"FarmFresh Jamun - Jambhar";"Quantity";"0.5 kg";"AA20542141";"162.000000";"156.000000";"50";"0";
"2054";"FarmFresh Jamun - Jambhar";"Quantity";"0.25 kg";"AA20542243";"81.000000";"78.000000";"50";"1";
"2054";"FarmFresh Jamun - Jambhar";"Quantity";"2 kg";"AA20542638";"648.000000";"624.000000";"50";"0";
"2055";"FarmFresh Jackfruit";"Quantity";"3 kg";"AA20552041";"0.000000";"504.000000";"50";"0";
"2055";"FarmFresh Jackfruit";"Quantity";"0.5 kg";"AA20552142";"0.000000";"84.000000";"50";"1";
"2055";"FarmFresh Jackfruit";"Quantity";"0.25 kg";"AA20552244";"0.000000";"42.000000";"50";"0";
"2056";"FarmFresh Pears Imported";"Quantity";"3 kg";"AA20562042";"0.000000";"294.000000";"0";"0";
"2056";"FarmFresh Pears Imported";"Quantity";"1 kg";"AA20562143";"0.000000";"196.000000";"0";"0";
"2056";"FarmFresh Pears Imported";"Quantity";"0.5 kg";"AA20562245";"0.000000";"98.000000";"0";"1";
"2057";"FarmFresh Sapodilla - Chiku";"Quantity";"3 kg";"AA20572043";"183.600000";"228.000000";"50";"0";
"2057";"FarmFresh Sapodilla - Chiku";"Quantity";"1 kg";"AA20572144";"61.200000";"76.000000";"50";"0";
"2057";"FarmFresh Sapodilla - Chiku";"Quantity";"0.5 kg";"AA20572246";"30.600000";"38.000000";"49";"1";
"2058";"FarmFresh Kairi";"Quantity";"3 kg";"AA20582044";"140.400000";"156.000000";"50";"0";
"2058";"FarmFresh Kairi";"Quantity";"0.5 kg";"AA20582145";"23.400000";"26.000000";"50";"0";
"2058";"FarmFresh Kairi";"Quantity";"0.25 kg";"AA20582247";"11.700000";"13.000000";"50";"1";
"2059";"FarmFresh KiwiFruit";"Numbers";"5 pc";"AA20592045";"144.000000";"160.000000";"50";"0";
"2059";"FarmFresh KiwiFruit";"Numbers";"2 pc";"AA20592146";"57.600000";"64.000000";"50";"0";
"2059";"FarmFresh KiwiFruit";"Numbers";"1 pc";"AA20592248";"28.800000";"32.000000";"46";"1";
"2060";"FarmFresh Kharbooja - MuskMelon";"Numbers";"5 pc";"AA20602046";"216.000000";"210.000000";"50";"0";
"2060";"FarmFresh Kharbooja - MuskMelon";"Numbers";"2 pc";"AA20602147";"86.400000";"84.000000";"49";"0";
"2060";"FarmFresh Kharbooja - MuskMelon";"Numbers";"1 pc";"AA20602249";"43.200000";"42.000000";"49";"1";
"2061";"FarmFresh Figs-Anjeer";"Quantity";"5 kg";"AA20612048";"0.000000";"350.000000";"50";"0";
"2061";"FarmFresh Figs-Anjeer";"Quantity";"1 kg";"AA20612149";"0.000000";"140.000000";"50";"0";
"2061";"FarmFresh Figs-Anjeer";"Quantity";"0.5 kg";"AA20612251";"0.000000";"70.000000";"49";"1";
"2062";"FarmFresh  Elaichi Banana";"Numbers";"2 dozen";"AA20622148";"124.200000";"138.000000";"50";"0";
"2062";"FarmFresh  Elaichi Banana";"Numbers";"1 dozen";"AA20622250";"0.000000";"69.000000";"47";"1";
"2063";"FarmFresh Lichi";"Quantity";"3 kg";"AA20632049";"745.200000";"980.000000";"0";"0";
"2063";"FarmFresh Lichi";"Quantity";"0.5 kg";"AA20632150";"124.200000";"180.000000";"0";"1";
"2063";"FarmFresh Lichi";"Quantity";"0.25 kg";"AA20632252";"62.100000";"90.000000";"0";"0";
"2064";"FarmFresh  Plums";"Quantity";"3 kg";"AA20642050";"0.000000";"624.000000";"50";"0";
"2064";"FarmFresh  Plums";"Quantity";"0.5 kg";"AA20642151";"0.000000";"104.000000";"50";"0";
"2064";"FarmFresh  Plums";"Quantity";"0.25 kg";"AA20642253";"0.000000";"52.000000";"48";"1";
"2065";"FarmFresh Dhaniya Leaf - Kothimbir";"Numbers";"5 bunch";"AA20652051";"63.000000";"90.000000";"50";"0";
"2065";"FarmFresh Dhaniya Leaf - Kothimbir";"Numbers";"2 bunch";"AA20652152";"26.000000";"36.000000";"49";"0";
"2065";"FarmFresh Dhaniya Leaf - Kothimbir";"Numbers";"1 bunch";"AA20652254";"11.000000";"18.000000";"38";"1";
"2066";"FarmFresh Pudina";"Numbers";"5 bunch";"AA20662052";"40.500000";"45.000000";"50";"0";
"2066";"FarmFresh Pudina";"Numbers";"2 bunch";"AA20662153";"16.200000";"18.000000";"50";"0";
"2066";"FarmFresh Pudina";"Numbers";"1 bunch";"AA20662255";"8.100000";"9.000000";"47";"1";
"2067";"FarmFresh KadiPatta";"Numbers";"5 bunch";"AA20672053";"18.000000";"20.000000";"50";"0";
"2067";"FarmFresh KadiPatta";"Numbers";"2 bunch";"AA20672154";"7.200000";"8.000000";"50";"0";
"2067";"FarmFresh KadiPatta";"Numbers";"1 bunch";"AA20672256";"3.600000";"4.000000";"45";"1";
"2068";"FarmFresh Palak - Spinach";"Numbers";"5 bunch";"AA20682054";"63.000000";"80.000000";"50";"0";
"2068";"FarmFresh Palak - Spinach";"Numbers";"2 bunch";"AA20682155";"25.200000";"32.000000";"48";"0";
"2068";"FarmFresh Palak - Spinach";"Numbers";"1 bunch";"AA20682257";"12.600000";"16.000000";"41";"1";
"2069";"FarmFresh Fenugreek Leaves - Methi";"Numbers";"5 bunch";"AA20692055";"67.500000";"90.000000";"50";"0";
"2069";"FarmFresh Fenugreek Leaves - Methi";"Numbers";"2 bunch";"AA20692156";"27.000000";"36.000000";"49";"0";
"2069";"FarmFresh Fenugreek Leaves - Methi";"Numbers";"1 bunch";"AA20692258";"13.500000";"18.000000";"41";"1";
"2070";"FarmFresh Chuka - Sorrel";"Numbers";"5 bunch";"AA20702056";"105.000000";"110.000000";"50";"0";
"2070";"FarmFresh Chuka - Sorrel";"Numbers";"2 bunch";"AA20702157";"40.000000";"44.000000";"50";"0";
"2070";"FarmFresh Chuka - Sorrel";"Numbers";"1 bunch";"AA20702259";"16.200000";"22.000000";"48";"1";
"2071";"FarmFresh Lal Math - Kandapat";"Numbers";"5 bunch";"AA20712057";"0.000000";"90.000000";"50";"0";
"2071";"FarmFresh Lal Math - Kandapat";"Numbers";"2 bunch";"AA20712158";"0.000000";"36.000000";"50";"0";
"2071";"FarmFresh Lal Math - Kandapat";"Numbers";"1 bunch";"AA20712260";"0.000000";"18.000000";"49";"1";
"2072";"FarmFresh Spring Onion";"Numbers";"5 bunch";"AA20722058";"72.000000";"80.000000";"50";"0";
"2072";"FarmFresh Spring Onion";"Numbers";"2 bunch";"AA20722159";"28.800000";"32.000000";"50";"0";
"2072";"FarmFresh Spring Onion";"Numbers";"1 bunch";"AA20722261";"14.400000";"16.000000";"46";"1";
"2073";"FarmFresh Dill Shepu";"Numbers";"5 bunch";"AA20732059";"63.000000";"80.000000";"50";"0";
"2073";"FarmFresh Dill Shepu";"Numbers";"2 bunch";"AA20732160";"25.200000";"32.000000";"50";"0";
"2073";"FarmFresh Dill Shepu";"Numbers";"1 bunch";"AA20732262";"12.600000";"16.000000";"50";"1";
"2074";"FarmFresh Herbal Leaves  Vidyachi Pane";"Numbers";"5 dozen";"AA20742060";"90.000000";"100.000000";"50";"0";
"2074";"FarmFresh Herbal Leaves  Vidyachi Pane";"Numbers";"2 dozen";"AA20742161";"36.000000";"40.000000";"50";"0";
"2074";"FarmFresh Herbal Leaves  Vidyachi Pane";"Numbers";"1 dozen";"AA20742263";"18.000000";"20.000000";"49";"1";
"2075";"FarmFresh Radish";"Numbers";"5 bunch";"AA20752061";"81.000000";"90.000000";"0";"0";
"2075";"FarmFresh Radish";"Numbers";"2 bunch";"AA20752162";"32.400000";"36.000000";"0";"0";
"2075";"FarmFresh Radish";"Numbers";"1 bunch";"AA20752264";"16.200000";"18.000000";"0";"1";
"2076";"FarmFresh BabyCorn";"Quantity";"1 kg";"AA20762062";"171.000000";"240.000000";"50";"0";
"2076";"FarmFresh BabyCorn";"Quantity";"200 gm";"AA20762163";"34.200000";"48.000000";"50";"0";
"2076";"FarmFresh BabyCorn";"Quantity";"100 gm";"AA20762265";"17.100000";"24.000000";"49";"1";
"2077";"FarmFresh Broccoli";"Quantity";"1 kg";"AA20772063";"216.000000";"340.000000";"50";"0";
"2077";"FarmFresh Broccoli";"Quantity";"500 gm";"AA20772164";"108.000000";"170.000000";"50";"0";
"2077";"FarmFresh Broccoli";"Quantity";"250 gm";"AA20772266";"54.000000";"85.000000";"50";"1";
"2078";"FarmFresh Red Capsicum";"Numbers";"5 pc";"AA20782064";"103.500000";"125.000000";"50";"0";
"2078";"FarmFresh Red Capsicum";"Numbers";"2 pc";"AA20782165";"41.400000";"50.000000";"50";"0";
"2078";"FarmFresh Red Capsicum";"Numbers";"1 pc";"AA20782267";"20.700000";"25.000000";"47";"1";
"2079";"FarmFresh Yellow Capsicum";"Numbers";"5 pc";"AA20792065";"108.000000";"130.000000";"50";"0";
"2079";"FarmFresh Yellow Capsicum";"Numbers";"2 pc";"AA20792166";"43.200000";"52.000000";"50";"0";
"2079";"FarmFresh Yellow Capsicum";"Numbers";"1 pc";"AA20792268";"21.600000";"26.000000";"49";"1";
"2080";"FarmFresh Sweet Corn Grains";"Quantity";"2 kg";"AA20802066";"0.000000";"220.000000";"50";"0";
"2080";"FarmFresh Sweet Corn Grains";"Quantity";"400 gm";"AA20802167";"0.000000";"44.000000";"50";"0";
"2080";"FarmFresh Sweet Corn Grains";"Quantity";"200 gm";"AA20802269";"0.000000";"22.000000";"48";"1";
"2081";"FarmFresh Mushroom";"Quantity";"2 kg";"AA20812067";"0.000000";"380.000000";"50";"0";
"2081";"FarmFresh Mushroom";"Quantity";"400 gm";"AA20812168";"0.000000";"76.000000";"50";"0";
"2081";"FarmFresh Mushroom";"Quantity";"200 gm";"AA20812270";"0.000000";"38.000000";"48";"1";
"2082";"FarmFresh Avocado";"Quantity";"2 kg";"AA20822068";"550.000000";"600.000000";"50";"0";
"2082";"FarmFresh Avocado";"Quantity";"500 gm";"AA20822169";"145.000000";"150.000000";"50";"0";
"2082";"FarmFresh Avocado";"Quantity";"250 gm";"AA20822271";"70.000000";"75.000000";"50";"1";
"2083";"FarmFresh Cherry Tomato";"Quantity";"2 kg";"AA20832069";"230.400000";"280.000000";"0";"0";
"2083";"FarmFresh Cherry Tomato";"Quantity";"500 gm";"AA20832170";"57.600000";"70.000000";"0";"0";
"2083";"FarmFresh Cherry Tomato";"Quantity";"250 gm";"AA20832272";"28.800000";"35.000000";"0";"1";
"2084";"FarmFresh Iceberg Lettuce";"Numbers";"5 pc";"AA20842070";"144.000000";"250.000000";"50";"0";
"2084";"FarmFresh Iceberg Lettuce";"Numbers";"2 pc";"AA20842171";"57.600000";"100.000000";"50";"0";
"2084";"FarmFresh Iceberg Lettuce";"Numbers";"1 pc";"AA20842273";"28.800000";"50.000000";"49";"1";
"2085";"FarmFresh Green Zucchini";"Quantity";"2 kg";"AA20852071";"230.400000";"440.000000";"50";"0";
"2085";"FarmFresh Green Zucchini";"Quantity";"500 gm";"AA20852172";"57.600000";"110.000000";"50";"0";
"2085";"FarmFresh Green Zucchini";"Quantity";"250 gm";"AA20852274";"34.200000";"55.000000";"50";"1";
"2086";"FarmFresh Chinese Cabbage";"Quantity";"2 kg";"AA20862073";"0.000000";"240.000000";"0";"0";
"2086";"FarmFresh Chinese Cabbage";"Quantity";"500 gm";"AA20862174";"0.000000";"60.000000";"0";"0";
"2086";"FarmFresh Chinese Cabbage";"Quantity";"250 gm";"AA20862276";"0.000000";"30.000000";"0";"1";
"2087";"FarmFresh Red Cabbage";"Quantity";"3 kg";"AA20872074";"162.000000";"312.000000";"50";"0";
"2087";"FarmFresh Red Cabbage";"Quantity";"1 kg";"AA20872175";"54.000000";"104.000000";"50";"0";
"2087";"FarmFresh Red Cabbage";"Quantity";"500 gm";"AA20872277";"27.000000";"52.000000";"50";"1";
"2088";"FarmFresh Asparagus";"Quantity";"2 kg";"AA20882075";"0.000000";"250.000000";"0";"0";
"2088";"FarmFresh Asparagus";"Quantity";"400 gm";"AA20882176";"0.000000";"50.000000";"0";"0";
"2088";"FarmFresh Asparagus";"Quantity";"200 gm";"AA20882278";"0.000000";"25.000000";"0";"1";
"2089";"FarmFresh Cashew Large W240  Kaju";"Quantity";"1 kg";"AA20892076";"648.000000";"760.000000";"50";"0";
"2089";"FarmFresh Cashew Large W240  Kaju";"Quantity";"500 gm";"AA20892177";"324.000000";"380.000000";"49";"0";
"2089";"FarmFresh Cashew Large W240  Kaju";"Quantity";"250 gm";"AA20892279";"162.000000";"190.000000";"49";"1";
"2090";"FarmFresh Cashew Regular W320  Kaju";"Quantity";"1 kg";"AA20902077";"612.000000";"680.000000";"50";"0";
"2090";"FarmFresh Cashew Regular W320  Kaju";"Quantity";"500 gm";"AA20902178";"306.000000";"340.000000";"50";"0";
"2090";"FarmFresh Cashew Regular W320  Kaju";"Quantity";"250 gm";"AA20902280";"153.000000";"170.000000";"49";"1";
"2091";"FarmFresh Almonds Regular - Badam";"Quantity";"1 kg";"AA20912078";"0.000000";"960.000000";"50";"0";
"2091";"FarmFresh Almonds Regular - Badam";"Quantity";"500 gm";"AA20912179";"0.000000";"480.000000";"50";"0";
"2091";"FarmFresh Almonds Regular - Badam";"Quantity";"250 gm";"AA20912281";"0.000000";"240.000000";"49";"1";
"2092";"FarmFresh Almonds Mamra  Badam";"Quantity";"500 gm";"AA20922180";"828.000000";"920.000000";"50";"0";
"2092";"FarmFresh Almonds Mamra  Badam";"Quantity";"250 gm";"AA20922282";"414.000000";"460.000000";"50";"1";
"2093";"FarmFresh Raisins Black  Kala Manuka";"Quantity";"1 kg";"AA20932079";"342.000000";"380.000000";"50";"0";
"2093";"FarmFresh Raisins Black  Kala Manuka";"Quantity";"500 gm";"AA20932181";"171.000000";"190.000000";"50";"0";
"2093";"FarmFresh Raisins Black  Kala Manuka";"Quantity";"250 gm";"AA20932283";"85.500000";"95.000000";"50";"1";
"2094";"FarmFresh Raisins Regular Kishmish";"Quantity";"2 kg";"AA20942080";"0.000000";"680.000000";"50";"0";
"2094";"FarmFresh Raisins Regular Kishmish";"Quantity";"500 gm";"AA20942182";"0.000000";"170.000000";"50";"0";
"2094";"FarmFresh Raisins Regular Kishmish";"Quantity";"250 gm";"AA20942284";"0.000000";"85.000000";"49";"1";
"2095";"FarmFresh Dates Crown  Khajoor";"Quantity";"5 kg";"AA20952081";"450.000000";"500.000000";"50";"0";
"2095";"FarmFresh Dates Crown  Khajoor";"Quantity";"1 kg";"AA20952183";"90.000000";"100.000000";"50";"0";
"2095";"FarmFresh Dates Crown  Khajoor";"Quantity";"500 gm";"AA20952285";"45.000000";"50.000000";"50";"1";
"2096";"FarmFresh Dates Black  Kala Khajoor";"Quantity";"5 kg";"AA20962082";"675.000000";"800.000000";"50";"0";
"2096";"FarmFresh Dates Black  Kala Khajoor";"Quantity";"1 kg";"AA20962184";"135.000000";"160.000000";"50";"0";
"2096";"FarmFresh Dates Black  Kala Khajoor";"Quantity";"500 gm";"AA20962286";"67.500000";"80.000000";"49";"1";
"2097";"FarmFresh Dry Dates  Kharik";"Quantity";"5 kg";"AA20972083";"540.000000";"600.000000";"50";"0";
"2097";"FarmFresh Dry Dates  Kharik";"Quantity";"1 kg";"AA20972185";"108.000000";"120.000000";"50";"0";
"2097";"FarmFresh Dry Dates  Kharik";"Quantity";"500 gm";"AA20972287";"54.000000";"60.000000";"50";"1";
"2098";"FarmFresh Dry Dates  Kala Kharik";"Quantity";"5 kg";"AA20982084";"648.000000";"720.000000";"50";"0";
"2098";"FarmFresh Dry Dates  Kala Kharik";"Quantity";"1 kg";"AA20982186";"129.600000";"144.000000";"50";"0";
"2098";"FarmFresh Dry Dates  Kala Kharik";"Quantity";"500 gm";"AA20982288";"64.800000";"72.000000";"50";"1";
"2099";"FarmFresh Yellow Zucchini";"Quantity";"2 kg";"AA20992072";"0.000000";"448.000000";"50";"0";
"2099";"FarmFresh Yellow Zucchini";"Quantity";"500 gm";"AA20992173";"0.000000";"112.000000";"50";"0";
"2099";"FarmFresh Yellow Zucchini";"Quantity";"250 gm";"AA20992275";"0.000000";"56.000000";"50";"1";
"2100";"FarmFresh Pumpkin - Lal Bhopala";"Quantity";"3 kg";"AA21002085";"108.000000";"120.000000";"50";"0";
"2100";"FarmFresh Pumpkin - Lal Bhopala";"Quantity";"0.5 kg";"AA21002187";"18.000000";"20.000000";"50";"0";
"2100";"FarmFresh Pumpkin - Lal Bhopala";"Quantity";"0.25 kg";"AA21002289";"9.000000";"10.000000";"50";"1";
"2124";"FarmFresh Apple - Fuji";"Quantity";"3 kg";"AA21242086";"890.000000";"900.000000";"0";"0";
"2124";"FarmFresh Apple - Fuji";"Quantity";"1 kg";"AA21242188";"280.000000";"300.000000";"0";"0";
"2124";"FarmFresh Apple - Fuji";"Quantity";"0.5 kg";"AA21242290";"133.200000";"150.000000";"0";"1";
"2125";"FarmFresh Custard Apple - Sitaphal";"Quantity";"3 kg";"AA21252087";"264.600000";"294.000000";"0";"0";
"2125";"FarmFresh Custard Apple - Sitaphal";"Quantity";"1 kg";"AA21252189";"88.200000";"98.000000";"0";"0";
"2125";"FarmFresh Custard Apple - Sitaphal";"Quantity";"0.5 kg";"AA21252291";"44.100000";"49.000000";"0";"1";
"2204";"FarmFresh Raisins Kishmish - Green";"Quantity";"500 gms";"AA22042501";"200.000000";"235.000000";"50";"0";
"2204";"FarmFresh Raisins Kishmish - Green";"Quantity";"250 gms";"AA22042502";"100.000000";"120.000000";"49";"1";
"2253";"FarmFresh Cornflour (Makkai)";"Quantity";"500 gm";"AA22532675";"27.000000";"30.000000";"49";"1";
"2262";"FarmFresh Loose Chawli ";"Quantity";"250 gm";"AA22622685";"25.000000";"35.000000";"49";"1";